Student_ID,Math_Score,Reading_Score,Writing_Score,Attendance
1,78,82,80,92
2,65,70,68,88
3,90,92,91,98
4,55,60,58,75
5,88,85,87,95
6,72,75,74,90
7,81,83,82,93
8,67,65,69,85
9,95,97,96,99
10,45,50,48,70
11,76,78,77,91
12,69,72,71,86
13,84,86,85,94
14,58,62,60,80
15,91,93,92,97
16,73,74,72,89
17,62,66,64,84
18,87,89,88,95
19,79,80,81,92
20,54,56,55,76
21,83,85,84,93
22,70,73,71,88
23,92,94,93,98
24,61,64,63,82
25,77,79,78,91
26,85,87,86,94
27,68,70,69,87
28,89,91,90,96
29,74,76,75,90
30,57,59,58,79
31,82,84,83,93
32,66,68,67,85
33,93,95,94,98
34,71,72,73,89
35,80,81,82,92
36,63,65,64,83
37,86,88,87,95
38,75,77,76,90
39,59,61,60,81
40,94,96,95,99
41,72,74,73,89
42,84,85,86,94
43,67,69,68,86
44,88,90,89,96
45,76,78,77,91
46,60,62,61,82
47,91,92,93,97
48,73,75,74,89
49,79,80,81,92
50,150,145,148,100